restaurant_key,restaurant google map url,address,raw response of the api
"Akuma USA","https://maps.google.com/?cid=2595498613213003003&g_mp=Cidnb29nbGUubWFwcy5wbGFjZXMudjEuUGxhY2VzLlNlYXJjaFRleHQQAhgEIAA","8267 Santa Monica Blvd, West Hollywood, CA 90046, USA","{  "places": [    {      "formattedAddress": "8267 Santa Monica Blvd, West Hollywood, CA 90046, USA",      "googleMapsUri": "https://maps.google.com/?cid=2595498613213003003&g_mp=Cidnb29nbGUubWFwcy5wbGFjZXMudjEuUGxhY2VzLlNlYXJjaFRleHQQAhgEIAA"    }  ]}"
"Badmaash USA","https://maps.google.com/?cid=6203232972313248096&g_mp=Cidnb29nbGUubWFwcy5wbGFjZXMudjEuUGxhY2VzLlNlYXJjaFRleHQQAhgEIAA","108 W 2nd St APT 104, Los Angeles, CA 90012, USA","{  "places": [    {      "formattedAddress": "108 W 2nd St APT 104, Los Angeles, CA 90012, USA",      "googleMapsUri": "https://maps.google.com/?cid=6203232972313248096&g_mp=Cidnb29nbGUubWFwcy5wbGFjZXMudjEuUGxhY2VzLlNlYXJjaFRleHQQAhgEIAA"    }  ]}"
"Bao Dim Sum USA","https://maps.google.com/?cid=4944968511888131955&g_mp=Cidnb29nbGUubWFwcy5wbGFjZXMudjEuUGxhY2VzLlNlYXJjaFRleHQQAhgEIAA","8256 Beverly Blvd, Los Angeles, CA 90048, USA","{  "places": [    {      "formattedAddress": "8256 Beverly Blvd, Los Angeles, CA 90048, USA",      "googleMapsUri": "https://maps.google.com/?cid=4944968511888131955&g_mp=Cidnb29nbGUubWFwcy5wbGFjZXMudjEuUGxhY2VzLlNlYXJjaFRleHQQAhgEIAA"    }  ]}"
"Bar Lubitsch USA","https://maps.google.com/?cid=14816937346540407807&g_mp=Cidnb29nbGUubWFwcy5wbGFjZXMudjEuUGxhY2VzLlNlYXJjaFRleHQQAhgEIAA","7702 Santa Monica Blvd, West Hollywood, CA 90046, USA","{  "places": [    {      "formattedAddress": "7702 Santa Monica Blvd, West Hollywood, CA 90046, USA",      "googleMapsUri": "https://maps.google.com/?cid=14816937346540407807&g_mp=Cidnb29nbGUubWFwcy5wbGFjZXMudjEuUGxhY2VzLlNlYXJjaFRleHQQAhgEIAA"    }  ]}"
"Barney's Beanery USA","https://maps.google.com/?cid=3109210688223960768&g_mp=Cidnb29nbGUubWFwcy5wbGFjZXMudjEuUGxhY2VzLlNlYXJjaFRleHQQAhgEIAA","8447 Santa Monica Blvd, West Hollywood, CA 90069, USA","{  "places": [    {      "formattedAddress": "8447 Santa Monica Blvd, West Hollywood, CA 90069, USA",      "googleMapsUri": "https://maps.google.com/?cid=3109210688223960768&g_mp=Cidnb29nbGUubWFwcy5wbGFjZXMudjEuUGxhY2VzLlNlYXJjaFRleHQQAhgEIAA"    }  ]}"
"The Belmont USA","https://maps.google.com/?cid=5310394869457036678&g_mp=Cidnb29nbGUubWFwcy5wbGFjZXMudjEuUGxhY2VzLlNlYXJjaFRleHQQAhgEIAA","747 N La Cienega Blvd, Los Angeles, CA 90069, USA","{  "places": [    {      "formattedAddress": "747 N La Cienega Blvd, Los Angeles, CA 90069, USA",      "googleMapsUri": "https://maps.google.com/?cid=5310394869457036678&g_mp=Cidnb29nbGUubWFwcy5wbGFjZXMudjEuUGxhY2VzLlNlYXJjaFRleHQQAhgEIAA"    }  ]}"
"Blue Collar USA","https://maps.google.com/?cid=2445152445501683697&g_mp=Cidnb29nbGUubWFwcy5wbGFjZXMudjEuUGxhY2VzLlNlYXJjaFRleHQQAhgEIAA","361 S Fairfax Ave, Los Angeles, CA 90036, USA","{  "places": [    {      "formattedAddress": "361 S Fairfax Ave, Los Angeles, CA 90036, USA",      "googleMapsUri": "https://maps.google.com/?cid=2445152445501683697&g_mp=Cidnb29nbGUubWFwcy5wbGFjZXMudjEuUGxhY2VzLlNlYXJjaFRleHQQAhgEIAA"    }  ]}"
"Blue Daisy - Palihotel USA","https://maps.google.com/?cid=11889625348572158033&g_mp=Cidnb29nbGUubWFwcy5wbGFjZXMudjEuUGxhY2VzLlNlYXJjaFRleHQQAhgEIAA","7950 Melrose Ave, Los Angeles, CA 90046, USA","{  "places": [    {      "formattedAddress": "7950 Melrose Ave, Los Angeles, CA 90046, USA",      "googleMapsUri": "https://maps.google.com/?cid=11889625348572158033&g_mp=Cidnb29nbGUubWFwcy5wbGFjZXMudjEuUGxhY2VzLlNlYXJjaFRleHQQAhgEIAA"    }  ]}"
"Chao Krung USA","https://maps.google.com/?cid=17673482243836998847&g_mp=Cidnb29nbGUubWFwcy5wbGFjZXMudjEuUGxhY2VzLlNlYXJjaFRleHQQAhgEIAA","111 N Fairfax Ave, Los Angeles, CA 90036, USA","{  "places": [    {      "formattedAddress": "111 N Fairfax Ave, Los Angeles, CA 90036, USA",      "googleMapsUri": "https://maps.google.com/?cid=17673482243836998847&g_mp=Cidnb29nbGUubWFwcy5wbGFjZXMudjEuUGxhY2VzLlNlYXJjaFRleHQQAhgEIAA"    }  ]}"
"The Den USA","https://maps.google.com/?cid=2894987656518709206&g_mp=Cidnb29nbGUubWFwcy5wbGFjZXMudjEuUGxhY2VzLlNlYXJjaFRleHQQAhgEIAA","8226 Sunset Blvd, West Hollywood, CA 90046, USA","{  "places": [    {      "formattedAddress": "8226 Sunset Blvd, West Hollywood, CA 90046, USA",      "googleMapsUri": "https://maps.google.com/?cid=2894987656518709206&g_mp=Cidnb29nbGUubWFwcy5wbGFjZXMudjEuUGxhY2VzLlNlYXJjaFRleHQQAhgEIAA"    }  ]}"
"El Carmen USA","https://maps.google.com/?cid=8755073309619719288&g_mp=Cidnb29nbGUubWFwcy5wbGFjZXMudjEuUGxhY2VzLlNlYXJjaFRleHQQAhgEIAA","8138 W 3rd St, Los Angeles, CA 90048, USA","{  "places": [    {      "formattedAddress": "8138 W 3rd St, Los Angeles, CA 90048, USA",      "googleMapsUri": "https://maps.google.com/?cid=8755073309619719288&g_mp=Cidnb29nbGUubWFwcy5wbGFjZXMudjEuUGxhY2VzLlNlYXJjaFRleHQQAhgEIAA"    }  ]}"
"EP-LP USA","https://maps.google.com/?cid=704670832781504746&g_mp=Cidnb29nbGUubWFwcy5wbGFjZXMudjEuUGxhY2VzLlNlYXJjaFRleHQQAhgEIAA","603 N La Cienega Blvd, West Hollywood, CA 90069, USA","{  "places": [    {      "formattedAddress": "603 N La Cienega Blvd, West Hollywood, CA 90069, USA",      "googleMapsUri": "https://maps.google.com/?cid=704670832781504746&g_mp=Cidnb29nbGUubWFwcy5wbGFjZXMudjEuUGxhY2VzLlNlYXJjaFRleHQQAhgEIAA"    }  ]}"
"Employees Only USA","https://maps.google.com/?cid=10568085337037402081&g_mp=Cidnb29nbGUubWFwcy5wbGFjZXMudjEuUGxhY2VzLlNlYXJjaFRleHQQAhgEIAA","7953 Santa Monica Blvd, West Hollywood, CA 90046, USA","{  "places": [    {      "formattedAddress": "7953 Santa Monica Blvd, West Hollywood, CA 90046, USA",      "googleMapsUri": "https://maps.google.com/?cid=10568085337037402081&g_mp=Cidnb29nbGUubWFwcy5wbGFjZXMudjEuUGxhY2VzLlNlYXJjaFRleHQQAhgEIAA"    }  ]}"
"Formosa Cafe USA","https://maps.google.com/?cid=14682949317920149170&g_mp=Cidnb29nbGUubWFwcy5wbGFjZXMudjEuUGxhY2VzLlNlYXJjaFRleHQQAhgEIAA","7156 Santa Monica Blvd, West Hollywood, CA 90046, USA","{  "places": [    {      "formattedAddress": "7156 Santa Monica Blvd, West Hollywood, CA 90046, USA",      "googleMapsUri": "https://maps.google.com/?cid=14682949317920149170&g_mp=Cidnb29nbGUubWFwcy5wbGFjZXMudjEuUGxhY2VzLlNlYXJjaFRleHQQAhgEIAA"    }  ]}"
"Gracias Madre USA","https://maps.google.com/?cid=16040271027876042526&g_mp=Cidnb29nbGUubWFwcy5wbGFjZXMudjEuUGxhY2VzLlNlYXJjaFRleHQQAhgEIAA","8905 Melrose Ave, West Hollywood, CA 90069, USA","{  "places": [    {      "formattedAddress": "8905 Melrose Ave, West Hollywood, CA 90069, USA",      "googleMapsUri": "https://maps.google.com/?cid=16040271027876042526&g_mp=Cidnb29nbGUubWFwcy5wbGFjZXMudjEuUGxhY2VzLlNlYXJjaFRleHQQAhgEIAA"    }  ]}"
"Harlowe USA","https://maps.google.com/?cid=11662087089393420580&g_mp=Cidnb29nbGUubWFwcy5wbGFjZXMudjEuUGxhY2VzLlNlYXJjaFRleHQQAhgEIAA","7321 Santa Monica Blvd, West Hollywood, CA 90046, USA","{  "places": [    {      "formattedAddress": "7321 Santa Monica Blvd, West Hollywood, CA 90046, USA",      "googleMapsUri": "https://maps.google.com/?cid=11662087089393420580&g_mp=Cidnb29nbGUubWFwcy5wbGFjZXMudjEuUGxhY2VzLlNlYXJjaFRleHQQAhgEIAA"    }  ]}"
"The Henry USA","https://maps.google.com/?cid=10359485350366858713&g_mp=Cidnb29nbGUubWFwcy5wbGFjZXMudjEuUGxhY2VzLlNlYXJjaFRleHQQAhgEIAA","120 N Robertson Blvd, Los Angeles, CA 90048, USA","{  "places": [    {      "formattedAddress": "120 N Robertson Blvd, Los Angeles, CA 90048, USA",      "googleMapsUri": "https://maps.google.com/?cid=10359485350366858713&g_mp=Cidnb29nbGUubWFwcy5wbGFjZXMudjEuUGxhY2VzLlNlYXJjaFRleHQQAhgEIAA"    }  ]}"
"Hi-Tops USA","https://maps.google.com/?cid=4944047958818480040&g_mp=Cidnb29nbGUubWFwcy5wbGFjZXMudjEuUGxhY2VzLlNlYXJjaFRleHQQAhgEIAA","1714 N Vermont Ave, Los Angeles, CA 90027, USA","{  "places": [    {      "formattedAddress": "1714 N Vermont Ave, Los Angeles, CA 90027, USA",      "googleMapsUri": "https://maps.google.com/?cid=4944047958818480040&g_mp=Cidnb29nbGUubWFwcy5wbGFjZXMudjEuUGxhY2VzLlNlYXJjaFRleHQQAhgEIAA"    }  ]}"
"Jones USA","https://maps.google.com/?cid=10057629126821585059&g_mp=Cidnb29nbGUubWFwcy5wbGFjZXMudjEuUGxhY2VzLlNlYXJjaFRleHQQAhgEIAA","7205 Santa Monica Blvd, West Hollywood, CA 90046, USA","{  "places": [    {      "formattedAddress": "7205 Santa Monica Blvd, West Hollywood, CA 90046, USA",      "googleMapsUri": "https://maps.google.com/?cid=10057629126821585059&g_mp=Cidnb29nbGUubWFwcy5wbGFjZXMudjEuUGxhY2VzLlNlYXJjaFRleHQQAhgEIAA"    }  ]}"
"Kinari USA","https://maps.google.com/?cid=14077426528883217250&g_mp=Cidnb29nbGUubWFwcy5wbGFjZXMudjEuUGxhY2VzLlNlYXJjaFRleHQQAhgEIAA","801 N Fairfax Ave, Los Angeles, CA 90046, USA","{  "places": [    {      "formattedAddress": "801 N Fairfax Ave, Los Angeles, CA 90046, USA",      "googleMapsUri": "https://maps.google.com/?cid=14077426528883217250&g_mp=Cidnb29nbGUubWFwcy5wbGFjZXMudjEuUGxhY2VzLlNlYXJjaFRleHQQAhgEIAA"    }  ]}"
"Laurel Hardware USA","https://maps.google.com/?cid=11980422767060992473&g_mp=Cidnb29nbGUubWFwcy5wbGFjZXMudjEuUGxhY2VzLlNlYXJjaFRleHQQAhgEIAA","7984 Santa Monica Blvd, West Hollywood, CA 90046, USA","{  "places": [    {      "formattedAddress": "7984 Santa Monica Blvd, West Hollywood, CA 90046, USA",      "googleMapsUri": "https://maps.google.com/?cid=11980422767060992473&g_mp=Cidnb29nbGUubWFwcy5wbGFjZXMudjEuUGxhY2VzLlNlYXJjaFRleHQQAhgEIAA"    }  ]}"
"Las Perlas USA","https://maps.google.com/?cid=9931021046277700799&g_mp=Cidnb29nbGUubWFwcy5wbGFjZXMudjEuUGxhY2VzLlNlYXJjaFRleHQQAhgEIAA","107 E 6th St, Los Angeles, CA 90014, USA","{  "places": [    {      "formattedAddress": "107 E 6th St, Los Angeles, CA 90014, USA",      "googleMapsUri": "https://maps.google.com/?cid=9931021046277700799&g_mp=Cidnb29nbGUubWFwcy5wbGFjZXMudjEuUGxhY2VzLlNlYXJjaFRleHQQAhgEIAA"    }  ]}"
"Madre USA","https://maps.google.com/?cid=9250984602494581104&g_mp=Cidnb29nbGUubWFwcy5wbGFjZXMudjEuUGxhY2VzLlNlYXJjaFRleHQQAhgEIAA","801 N Fairfax Ave #101, Los Angeles, CA 90046, USA","{  "places": [    {      "formattedAddress": "801 N Fairfax Ave #101, Los Angeles, CA 90046, USA",      "googleMapsUri": "https://maps.google.com/?cid=9250984602494581104&g_mp=Cidnb29nbGUubWFwcy5wbGFjZXMudjEuUGxhY2VzLlNlYXJjaFRleHQQAhgEIAA"    }  ]}"
"Melrose Umbrella Co. USA","https://maps.google.com/?cid=11321764694019804244&g_mp=Cidnb29nbGUubWFwcy5wbGFjZXMudjEuUGxhY2VzLlNlYXJjaFRleHQQAhgEIAA","7465 Melrose Ave, Los Angeles, CA 90046, USA","{  "places": [    {      "formattedAddress": "7465 Melrose Ave, Los Angeles, CA 90046, USA",      "googleMapsUri": "https://maps.google.com/?cid=11321764694019804244&g_mp=Cidnb29nbGUubWFwcy5wbGFjZXMudjEuUGxhY2VzLlNlYXJjaFRleHQQAhgEIAA"    }  ]}"
"Mercado USA","https://maps.google.com/?cid=8969681078057852800&g_mp=Cidnb29nbGUubWFwcy5wbGFjZXMudjEuUGxhY2VzLlNlYXJjaFRleHQQAhgEIAA","3425 1st St, Los Angeles, CA 90063, USA","{  "places": [    {      "formattedAddress": "3425 1st St, Los Angeles, CA 90063, USA",      "googleMapsUri": "https://maps.google.com/?cid=8969681078057852800&g_mp=Cidnb29nbGUubWFwcy5wbGFjZXMudjEuUGxhY2VzLlNlYXJjaFRleHQQAhgEIAA"    }  ]}"
"Mr. Furleys W 3rd USA","https://maps.google.com/?cid=6434826667180136871&g_mp=Cidnb29nbGUubWFwcy5wbGFjZXMudjEuUGxhY2VzLlNlYXJjaFRleHQQAhgEIAA","8445 W 3rd St, Los Angeles, CA 90048, USA","{  "places": [    {      "formattedAddress": "8445 W 3rd St, Los Angeles, CA 90048, USA",      "googleMapsUri": "https://maps.google.com/?cid=6434826667180136871&g_mp=Cidnb29nbGUubWFwcy5wbGFjZXMudjEuUGxhY2VzLlNlYXJjaFRleHQQAhgEIAA"    }  ]}"
"OR Bar USA","https://maps.google.com/?cid=11872065185144145365&g_mp=Cidnb29nbGUubWFwcy5wbGFjZXMudjEuUGxhY2VzLlNlYXJjaFRleHQQAhgEIAA","8228 Santa Monica Blvd, West Hollywood, CA 90046, USA","{  "places": [    {      "formattedAddress": "8228 Santa Monica Blvd, West Hollywood, CA 90046, USA",      "googleMapsUri": "https://maps.google.com/?cid=11872065185144145365&g_mp=Cidnb29nbGUubWFwcy5wbGFjZXMudjEuUGxhY2VzLlNlYXJjaFRleHQQAhgEIAA"    }  ]}"
"The Phoenix USA","https://maps.google.com/?cid=18390320676594090767&g_mp=Cidnb29nbGUubWFwcy5wbGFjZXMudjEuUGxhY2VzLlNlYXJjaFRleHQQAhgEIAA","8480 W 3rd St, Los Angeles, CA 90048, USA","{  "places": [    {      "formattedAddress": "8480 W 3rd St, Los Angeles, CA 90048, USA",      "googleMapsUri": "https://maps.google.com/?cid=18390320676594090767&g_mp=Cidnb29nbGUubWFwcy5wbGFjZXMudjEuUGxhY2VzLlNlYXJjaFRleHQQAhgEIAA"    }  ]}"
"Phorage Weho USA","https://maps.google.com/?cid=5779342421658487379&g_mp=Cidnb29nbGUubWFwcy5wbGFjZXMudjEuUGxhY2VzLlNlYXJjaFRleHQQAhgEIAA","7326 Santa Monica Blvd #10, Los Angeles, CA 90046, USA","{  "places": [    {      "formattedAddress": "7326 Santa Monica Blvd #10, Los Angeles, CA 90046, USA",      "googleMapsUri": "https://maps.google.com/?cid=5779342421658487379&g_mp=Cidnb29nbGUubWFwcy5wbGFjZXMudjEuUGxhY2VzLlNlYXJjaFRleHQQAhgEIAA"    }  ]}"
"Snake Pit Alehouse USA","https://maps.google.com/?cid=10183337500710009108&g_mp=Cidnb29nbGUubWFwcy5wbGFjZXMudjEuUGxhY2VzLlNlYXJjaFRleHQQAhgEIAA","7529 Melrose Ave, Los Angeles, CA 90046, USA","{  "places": [    {      "formattedAddress": "7529 Melrose Ave, Los Angeles, CA 90046, USA",      "googleMapsUri": "https://maps.google.com/?cid=10183337500710009108&g_mp=Cidnb29nbGUubWFwcy5wbGFjZXMudjEuUGxhY2VzLlNlYXJjaFRleHQQAhgEIAA"    }  ]}"
"Surly Goat USA","https://maps.google.com/?cid=14554943794334663828&g_mp=Cidnb29nbGUubWFwcy5wbGFjZXMudjEuUGxhY2VzLlNlYXJjaFRleHQQAhgEIAA","7929 Santa Monica Blvd, West Hollywood, CA 90046, USA","{  "places": [    {      "formattedAddress": "7929 Santa Monica Blvd, West Hollywood, CA 90046, USA",      "googleMapsUri": "https://maps.google.com/?cid=14554943794334663828&g_mp=Cidnb29nbGUubWFwcy5wbGFjZXMudjEuUGxhY2VzLlNlYXJjaFRleHQQAhgEIAA"    }  ]}"
"Tacos Tu Madre USA","https://maps.google.com/?cid=8910599073140358487&g_mp=Cidnb29nbGUubWFwcy5wbGFjZXMudjEuUGxhY2VzLlNlYXJjaFRleHQQAhgEIAA","1111 Hayworth Ave, Los Angeles, CA 90046, USA","{  "places": [    {      "formattedAddress": "1111 Hayworth Ave, Los Angeles, CA 90046, USA",      "googleMapsUri": "https://maps.google.com/?cid=8910599073140358487&g_mp=Cidnb29nbGUubWFwcy5wbGFjZXMudjEuUGxhY2VzLlNlYXJjaFRleHQQAhgEIAA"    }  ]}"
"The 3rd Stop USA","https://maps.google.com/?cid=17899689916626643444&g_mp=Cidnb29nbGUubWFwcy5wbGFjZXMudjEuUGxhY2VzLlNlYXJjaFRleHQQAhgEIAA","8636 W 3rd St, Los Angeles, CA 90048, USA","{  "places": [    {      "formattedAddress": "8636 W 3rd St, Los Angeles, CA 90048, USA",      "googleMapsUri": "https://maps.google.com/?cid=17899689916626643444&g_mp=Cidnb29nbGUubWFwcy5wbGFjZXMudjEuUGxhY2VzLlNlYXJjaFRleHQQAhgEIAA"    }  ]}"
"Terroni USA","https://maps.google.com/?cid=16665993120947572306&g_mp=Cidnb29nbGUubWFwcy5wbGFjZXMudjEuUGxhY2VzLlNlYXJjaFRleHQQAhgEIAA","7605 Beverly Blvd, Los Angeles, CA 90036, USA","{  "places": [    {      "formattedAddress": "7605 Beverly Blvd, Los Angeles, CA 90036, USA",      "googleMapsUri": "https://maps.google.com/?cid=16665993120947572306&g_mp=Cidnb29nbGUubWFwcy5wbGFjZXMudjEuUGxhY2VzLlNlYXJjaFRleHQQAhgEIAA"    }  ]}"
"33 Taps USA","https://maps.google.com/?cid=1429498327596697899&g_mp=Cidnb29nbGUubWFwcy5wbGFjZXMudjEuUGxhY2VzLlNlYXJjaFRleHQQAhgEIAA","1240 S Figueroa St, Los Angeles, CA 90015, USA","{  "places": [    {      "formattedAddress": "1240 S Figueroa St, Los Angeles, CA 90015, USA",      "googleMapsUri": "https://maps.google.com/?cid=1429498327596697899&g_mp=Cidnb29nbGUubWFwcy5wbGFjZXMudjEuUGxhY2VzLlNlYXJjaFRleHQQAhgEIAA"    }  ]}"
"Desert 5 USA","https://maps.google.com/?cid=17654792462149624194&g_mp=Cidnb29nbGUubWFwcy5wbGFjZXMudjEuUGxhY2VzLlNlYXJjaFRleHQQAhgEIAA","6516 Selma Ave, Los Angeles, CA 90028, USA","{  "places": [    {      "formattedAddress": "6516 Selma Ave, Los Angeles, CA 90028, USA",      "googleMapsUri": "https://maps.google.com/?cid=17654792462149624194&g_mp=Cidnb29nbGUubWFwcy5wbGFjZXMudjEuUGxhY2VzLlNlYXJjaFRleHQQAhgEIAA"    }  ]}"
"Electric Owl USA","https://maps.google.com/?cid=18356242145920265311&g_mp=Cidnb29nbGUubWFwcy5wbGFjZXMudjEuUGxhY2VzLlNlYXJjaFRleHQQAhgEIAA","1451 N Gardner St, West Hollywood, CA 90046, USA","{  "places": [    {      "formattedAddress": "1451 N Gardner St, West Hollywood, CA 90046, USA",      "googleMapsUri": "https://maps.google.com/?cid=18356242145920265311&g_mp=Cidnb29nbGUubWFwcy5wbGFjZXMudjEuUGxhY2VzLlNlYXJjaFRleHQQAhgEIAA"    }  ]}"
"Good Times at Davey Wayne's USA","https://maps.google.com/?cid=10037345221646604035&g_mp=Cidnb29nbGUubWFwcy5wbGFjZXMudjEuUGxhY2VzLlNlYXJjaFRleHQQAhgEIAA","1611 N El Centro Ave, Los Angeles, CA 90028, USA","{  "places": [    {      "formattedAddress": "1611 N El Centro Ave, Los Angeles, CA 90028, USA",      "googleMapsUri": "https://maps.google.com/?cid=10037345221646604035&g_mp=Cidnb29nbGUubWFwcy5wbGFjZXMudjEuUGxhY2VzLlNlYXJjaFRleHQQAhgEIAA"    }  ]}"
"Jay's Bar USA","https://maps.google.com/?cid=7264119175042115372&g_mp=Cidnb29nbGUubWFwcy5wbGFjZXMudjEuUGxhY2VzLlNlYXJjaFRleHQQAhgEIAA","4321 Sunset Blvd, Los Angeles, CA 90029, USA","{  "places": [    {      "formattedAddress": "4321 Sunset Blvd, Los Angeles, CA 90029, USA",      "googleMapsUri": "https://maps.google.com/?cid=7264119175042115372&g_mp=Cidnb29nbGUubWFwcy5wbGFjZXMudjEuUGxhY2VzLlNlYXJjaFRleHQQAhgEIAA"    }  ]}"
"Mother Tongue USA","https://maps.google.com/?cid=14454867485310468324&g_mp=Cidnb29nbGUubWFwcy5wbGFjZXMudjEuUGxhY2VzLlNlYXJjaFRleHQQAhgEIAA","960 N La Brea Ave 4th Floor, Los Angeles, CA 90038, USA","{  "places": [    {      "formattedAddress": "960 N La Brea Ave 4th Floor, Los Angeles, CA 90038, USA",      "googleMapsUri": "https://maps.google.com/?cid=14454867485310468324&g_mp=Cidnb29nbGUubWFwcy5wbGFjZXMudjEuUGxhY2VzLlNlYXJjaFRleHQQAhgEIAA"    }  ]}"
"Power House USA","https://maps.google.com/?cid=11682698650544694459&g_mp=Cidnb29nbGUubWFwcy5wbGFjZXMudjEuUGxhY2VzLlNlYXJjaFRleHQQAhgEIAA","1714 Highland Ave, Los Angeles, CA 90028, USA","{  "places": [    {      "formattedAddress": "1714 Highland Ave, Los Angeles, CA 90028, USA",      "googleMapsUri": "https://maps.google.com/?cid=11682698650544694459&g_mp=Cidnb29nbGUubWFwcy5wbGFjZXMudjEuUGxhY2VzLlNlYXJjaFRleHQQAhgEIAA"    }  ]}"
"Sunset Vinyl USA","https://maps.google.com/?cid=14062406171515063084&g_mp=Cidnb29nbGUubWFwcy5wbGFjZXMudjEuUGxhY2VzLlNlYXJjaFRleHQQAhgEIAA","1521 Vine St, Los Angeles, CA 90028, USA","{  "places": [    {      "formattedAddress": "1521 Vine St, Los Angeles, CA 90028, USA",      "googleMapsUri": "https://maps.google.com/?cid=14062406171515063084&g_mp=Cidnb29nbGUubWFwcy5wbGFjZXMudjEuUGxhY2VzLlNlYXJjaFRleHQQAhgEIAA"    }  ]}"
"The Well USA","https://maps.google.com/?cid=14278525344119121956&g_mp=Cidnb29nbGUubWFwcy5wbGFjZXMudjEuUGxhY2VzLlNlYXJjaFRleHQQAhgEIAA","6255 Sunset Blvd, Los Angeles, CA 90028, USA","{  "places": [    {      "formattedAddress": "6255 Sunset Blvd, Los Angeles, CA 90028, USA",      "googleMapsUri": "https://maps.google.com/?cid=14278525344119121956&g_mp=Cidnb29nbGUubWFwcy5wbGFjZXMudjEuUGxhY2VzLlNlYXJjaFRleHQQAhgEIAA"    }  ]}"
"All Seasons Brewing USA","https://maps.google.com/?cid=1895768546188553684&g_mp=Cidnb29nbGUubWFwcy5wbGFjZXMudjEuUGxhY2VzLlNlYXJjaFRleHQQAhgEIAA","800 S La Brea Ave, Los Angeles, CA 90036, USA","{  "places": [    {      "formattedAddress": "800 S La Brea Ave, Los Angeles, CA 90036, USA",      "googleMapsUri": "https://maps.google.com/?cid=1895768546188553684&g_mp=Cidnb29nbGUubWFwcy5wbGFjZXMudjEuUGxhY2VzLlNlYXJjaFRleHQQAhgEIAA"    }  ]}"
"Breakroom 86 USA","https://maps.google.com/?cid=585944012083531389&g_mp=Cidnb29nbGUubWFwcy5wbGFjZXMudjEuUGxhY2VzLlNlYXJjaFRleHQQAhgEIAA","630 S Ardmore Ave, Los Angeles, CA 90010, USA","{  "places": [    {      "formattedAddress": "630 S Ardmore Ave, Los Angeles, CA 90010, USA",      "googleMapsUri": "https://maps.google.com/?cid=585944012083531389&g_mp=Cidnb29nbGUubWFwcy5wbGFjZXMudjEuUGxhY2VzLlNlYXJjaFRleHQQAhgEIAA"    }  ]}"
"Delicious Pizza USA","https://maps.google.com/?cid=7221154802553902263&g_mp=Cidnb29nbGUubWFwcy5wbGFjZXMudjEuUGxhY2VzLlNlYXJjaFRleHQQAhgEIAA","5419 W Adams Blvd, Los Angeles, CA 90016, USA","{  "places": [    {      "formattedAddress": "5419 W Adams Blvd, Los Angeles, CA 90016, USA",      "googleMapsUri": "https://maps.google.com/?cid=7221154802553902263&g_mp=Cidnb29nbGUubWFwcy5wbGFjZXMudjEuUGxhY2VzLlNlYXJjaFRleHQQAhgEIAA"    }  ]}"
"Escala USA","https://maps.google.com/?cid=17094329334952669336&g_mp=Cidnb29nbGUubWFwcy5wbGFjZXMudjEuUGxhY2VzLlNlYXJjaFRleHQQAhgEIAA","3451 W 6th St, Los Angeles, CA 90020, USA","{  "places": [    {      "formattedAddress": "3451 W 6th St, Los Angeles, CA 90020, USA",      "googleMapsUri": "https://maps.google.com/?cid=17094329334952669336&g_mp=Cidnb29nbGUubWFwcy5wbGFjZXMudjEuUGxhY2VzLlNlYXJjaFRleHQQAhgEIAA"    }  ]}"
"Founders Ale House USA","https://maps.google.com/?cid=8841327919080696438&g_mp=Cidnb29nbGUubWFwcy5wbGFjZXMudjEuUGxhY2VzLlNlYXJjaFRleHQQAhgEIAA","8771 W Pico Blvd, Los Angeles, CA 90035, USA","{  "places": [    {      "formattedAddress": "8771 W Pico Blvd, Los Angeles, CA 90035, USA",      "googleMapsUri": "https://maps.google.com/?cid=8841327919080696438&g_mp=Cidnb29nbGUubWFwcy5wbGFjZXMudjEuUGxhY2VzLlNlYXJjaFRleHQQAhgEIAA"    }  ]}"
"Frank 'n Hanks USA","https://maps.google.com/?cid=3801972435844512654&g_mp=Cidnb29nbGUubWFwcy5wbGFjZXMudjEuUGxhY2VzLlNlYXJjaFRleHQQAhgEIAA","518 S Western Ave, Los Angeles, CA 90020, USA","{  "places": [    {      "formattedAddress": "518 S Western Ave, Los Angeles, CA 90020, USA",      "googleMapsUri": "https://maps.google.com/?cid=3801972435844512654&g_mp=Cidnb29nbGUubWFwcy5wbGFjZXMudjEuUGxhY2VzLlNlYXJjaFRleHQQAhgEIAA"    }  ]}"
"The Bar at Johnny's USA","https://maps.google.com/?cid=10667033404610405541&g_mp=Cidnb29nbGUubWFwcy5wbGFjZXMudjEuUGxhY2VzLlNlYXJjaFRleHQQAhgEIAA","4327 W Adams Blvd, Los Angeles, CA 90018, USA","{  "places": [    {      "formattedAddress": "4327 W Adams Blvd, Los Angeles, CA 90018, USA",      "googleMapsUri": "https://maps.google.com/?cid=10667033404610405541&g_mp=Cidnb29nbGUubWFwcy5wbGFjZXMudjEuUGxhY2VzLlNlYXJjaFRleHQQAhgEIAA"    }  ]}"
"Little Bar USA","https://maps.google.com/?cid=3809388952540120318&g_mp=Cidnb29nbGUubWFwcy5wbGFjZXMudjEuUGxhY2VzLlNlYXJjaFRleHQQAhgEIAA","757 S S La Brea Ave, Los Angeles, CA 90036, USA","{  "places": [    {      "formattedAddress": "757 S S La Brea Ave, Los Angeles, CA 90036, USA",      "googleMapsUri": "https://maps.google.com/?cid=3809388952540120318&g_mp=Cidnb29nbGUubWFwcy5wbGFjZXMudjEuUGxhY2VzLlNlYXJjaFRleHQQAhgEIAA"    }  ]}"
"Lobby Bar @ The Line USA","https://maps.google.com/?cid=137007065060838895&g_mp=Cidnb29nbGUubWFwcy5wbGFjZXMudjEuUGxhY2VzLlNlYXJjaFRleHQQAhgEIAA","3515 Wilshire Blvd, Los Angeles, CA 90010, USA","{  "places": [    {      "formattedAddress": "3515 Wilshire Blvd, Los Angeles, CA 90010, USA",      "googleMapsUri": "https://maps.google.com/?cid=137007065060838895&g_mp=Cidnb29nbGUubWFwcy5wbGFjZXMudjEuUGxhY2VzLlNlYXJjaFRleHQQAhgEIAA"    }  ]}"
"The Normandie Club USA","https://maps.google.com/?cid=10247393589135687419&g_mp=Cidnb29nbGUubWFwcy5wbGFjZXMudjEuUGxhY2VzLlNlYXJjaFRleHQQAhgEIAA","3612 W 6th St, Los Angeles, CA 90020, USA","{  "places": [    {      "formattedAddress": "3612 W 6th St, Los Angeles, CA 90020, USA",      "googleMapsUri": "https://maps.google.com/?cid=10247393589135687419&g_mp=Cidnb29nbGUubWFwcy5wbGFjZXMudjEuUGxhY2VzLlNlYXJjaFRleHQQAhgEIAA"    }  ]}"
"Arts District Brewing Co USA","https://maps.google.com/?cid=14572293836080270156&g_mp=Cidnb29nbGUubWFwcy5wbGFjZXMudjEuUGxhY2VzLlNlYXJjaFRleHQQAhgEIAA","828 Traction Ave, Los Angeles, CA 90013, USA","{  "places": [    {      "formattedAddress": "828 Traction Ave, Los Angeles, CA 90013, USA",      "googleMapsUri": "https://maps.google.com/?cid=14572293836080270156&g_mp=Cidnb29nbGUubWFwcy5wbGFjZXMudjEuUGxhY2VzLlNlYXJjaFRleHQQAhgEIAA"    }  ]}"
"Beelman's Pub USA","https://maps.google.com/?cid=11023777706752314921&g_mp=Cidnb29nbGUubWFwcy5wbGFjZXMudjEuUGxhY2VzLlNlYXJjaFRleHQQAhgEIAA","600 S Spring St, Los Angeles, CA 90014, USA","{  "places": [    {      "formattedAddress": "600 S Spring St, Los Angeles, CA 90014, USA",      "googleMapsUri": "https://maps.google.com/?cid=11023777706752314921&g_mp=Cidnb29nbGUubWFwcy5wbGFjZXMudjEuUGxhY2VzLlNlYXJjaFRleHQQAhgEIAA"    }  ]}"
"Broken Shaker USA","https://maps.google.com/?cid=1170426342579754801&g_mp=Cidnb29nbGUubWFwcy5wbGFjZXMudjEuUGxhY2VzLlNlYXJjaFRleHQQAhgEIAA","416 W 8th St, Los Angeles, CA 90014, USA","{  "places": [    {      "formattedAddress": "416 W 8th St, Los Angeles, CA 90014, USA",      "googleMapsUri": "https://maps.google.com/?cid=1170426342579754801&g_mp=Cidnb29nbGUubWFwcy5wbGFjZXMudjEuUGxhY2VzLlNlYXJjaFRleHQQAhgEIAA"    }  ]}"
"Everson Royce Bar USA","https://maps.google.com/?cid=3371906459490486129&g_mp=Cidnb29nbGUubWFwcy5wbGFjZXMudjEuUGxhY2VzLlNlYXJjaFRleHQQAhgEIAA","1936 E 7th St, Los Angeles, CA 90021, USA","{  "places": [    {      "formattedAddress": "1936 E 7th St, Los Angeles, CA 90021, USA",      "googleMapsUri": "https://maps.google.com/?cid=3371906459490486129&g_mp=Cidnb29nbGUubWFwcy5wbGFjZXMudjEuUGxhY2VzLlNlYXJjaFRleHQQAhgEIAA"    }  ]}"
"Far Bar USA","https://maps.google.com/?cid=5967468054412822445&g_mp=Cidnb29nbGUubWFwcy5wbGFjZXMudjEuUGxhY2VzLlNlYXJjaFRleHQQAhgEIAA","347 1st St, Los Angeles, CA 90012, USA","{  "places": [    {      "formattedAddress": "347 1st St, Los Angeles, CA 90012, USA",      "googleMapsUri": "https://maps.google.com/?cid=5967468054412822445&g_mp=Cidnb29nbGUubWFwcy5wbGFjZXMudjEuUGxhY2VzLlNlYXJjaFRleHQQAhgEIAA"    }  ]}"
"Golden Gopher USA","https://maps.google.com/?cid=10228531836108658801&g_mp=Cidnb29nbGUubWFwcy5wbGFjZXMudjEuUGxhY2VzLlNlYXJjaFRleHQQAhgEIAA","417 W 8th St, Los Angeles, CA 90014, USA","{  "places": [    {      "formattedAddress": "417 W 8th St, Los Angeles, CA 90014, USA",      "googleMapsUri": "https://maps.google.com/?cid=10228531836108658801&g_mp=Cidnb29nbGUubWFwcy5wbGFjZXMudjEuUGxhY2VzLlNlYXJjaFRleHQQAhgEIAA"    }  ]}"
"Joey DTLA USA","https://maps.google.com/?cid=12586880607528883189&g_mp=Cidnb29nbGUubWFwcy5wbGFjZXMudjEuUGxhY2VzLlNlYXJjaFRleHQQAhgEIAA","700 W 7th St Ste S430, Los Angeles, CA 90017, USA","{  "places": [    {      "formattedAddress": "700 W 7th St Ste S430, Los Angeles, CA 90017, USA",      "googleMapsUri": "https://maps.google.com/?cid=12586880607528883189&g_mp=Cidnb29nbGUubWFwcy5wbGFjZXMudjEuUGxhY2VzLlNlYXJjaFRleHQQAhgEIAA"    }  ]}"
"Perch USA","https://maps.google.com/?cid=3866628448079004996&g_mp=Cidnb29nbGUubWFwcy5wbGFjZXMudjEuUGxhY2VzLlNlYXJjaFRleHQQAhgEIAA","448 S Hill St, Los Angeles, CA 90013, USA","{  "places": [    {      "formattedAddress": "448 S Hill St, Los Angeles, CA 90013, USA",      "googleMapsUri": "https://maps.google.com/?cid=3866628448079004996&g_mp=Cidnb29nbGUubWFwcy5wbGFjZXMudjEuUGxhY2VzLlNlYXJjaFRleHQQAhgEIAA"    }  ]}"
"33 Taps USA","https://maps.google.com/?cid=1429498327596697899&g_mp=Cidnb29nbGUubWFwcy5wbGFjZXMudjEuUGxhY2VzLlNlYXJjaFRleHQQAhgEIAA","1240 S Figueroa St, Los Angeles, CA 90015, USA","{  "places": [    {      "formattedAddress": "1240 S Figueroa St, Los Angeles, CA 90015, USA",      "googleMapsUri": "https://maps.google.com/?cid=1429498327596697899&g_mp=Cidnb29nbGUubWFwcy5wbGFjZXMudjEuUGxhY2VzLlNlYXJjaFRleHQQAhgEIAA"    }  ]}"
"Bigfoot West USA","https://maps.google.com/?cid=11465172617815465054&g_mp=Cidnb29nbGUubWFwcy5wbGFjZXMudjEuUGxhY2VzLlNlYXJjaFRleHQQAhgEIAA","10939 Venice Blvd., Los Angeles, CA 90034, USA","{  "places": [    {      "formattedAddress": "10939 Venice Blvd., Los Angeles, CA 90034, USA",      "googleMapsUri": "https://maps.google.com/?cid=11465172617815465054&g_mp=Cidnb29nbGUubWFwcy5wbGFjZXMudjEuUGxhY2VzLlNlYXJjaFRleHQQAhgEIAA"    }  ]}"
"Maple Block Meat Co. USA","https://maps.google.com/?cid=1606745421131897708&g_mp=Cidnb29nbGUubWFwcy5wbGFjZXMudjEuUGxhY2VzLlNlYXJjaFRleHQQAhgEIAA","3973 Sepulveda Blvd, Culver City, CA 90230, USA","{  "places": [    {      "formattedAddress": "3973 Sepulveda Blvd, Culver City, CA 90230, USA",      "googleMapsUri": "https://maps.google.com/?cid=1606745421131897708&g_mp=Cidnb29nbGUubWFwcy5wbGFjZXMudjEuUGxhY2VzLlNlYXJjaFRleHQQAhgEIAA"    }  ]}"
"Nickel Mine USA","https://maps.google.com/?cid=14167202315900867170&g_mp=Cidnb29nbGUubWFwcy5wbGFjZXMudjEuUGxhY2VzLlNlYXJjaFRleHQQAhgEIAA","11363 Santa Monica Blvd, Los Angeles, CA 90025, USA","{  "places": [    {      "formattedAddress": "11363 Santa Monica Blvd, Los Angeles, CA 90025, USA",      "googleMapsUri": "https://maps.google.com/?cid=14167202315900867170&g_mp=Cidnb29nbGUubWFwcy5wbGFjZXMudjEuUGxhY2VzLlNlYXJjaFRleHQQAhgEIAA"    }  ]}"
"Oldfield's Liquor Room USA","https://maps.google.com/?cid=10689908391870387112&g_mp=Cidnb29nbGUubWFwcy5wbGFjZXMudjEuUGxhY2VzLlNlYXJjaFRleHQQAhgEIAA","10899 Venice Blvd. W, Los Angeles, CA 90034, USA","{  "places": [    {      "formattedAddress": "10899 Venice Blvd. W, Los Angeles, CA 90034, USA",      "googleMapsUri": "https://maps.google.com/?cid=10689908391870387112&g_mp=Cidnb29nbGUubWFwcy5wbGFjZXMudjEuUGxhY2VzLlNlYXJjaFRleHQQAhgEIAA"    }  ]}"
"Q's Billiards USA","https://maps.google.com/?cid=6049200821890325220&g_mp=Cidnb29nbGUubWFwcy5wbGFjZXMudjEuUGxhY2VzLlNlYXJjaFRleHQQAhgEIAA","11835 Wilshire Blvd, Los Angeles, CA 90025, USA","{  "places": [    {      "formattedAddress": "11835 Wilshire Blvd, Los Angeles, CA 90025, USA",      "googleMapsUri": "https://maps.google.com/?cid=6049200821890325220&g_mp=Cidnb29nbGUubWFwcy5wbGFjZXMudjEuUGxhY2VzLlNlYXJjaFRleHQQAhgEIAA"    }  ]}"
"33 Taps USA","https://maps.google.com/?cid=1429498327596697899&g_mp=Cidnb29nbGUubWFwcy5wbGFjZXMudjEuUGxhY2VzLlNlYXJjaFRleHQQAhgEIAA","1240 S Figueroa St, Los Angeles, CA 90015, USA","{  "places": [    {      "formattedAddress": "1240 S Figueroa St, Los Angeles, CA 90015, USA",      "googleMapsUri": "https://maps.google.com/?cid=1429498327596697899&g_mp=Cidnb29nbGUubWFwcy5wbGFjZXMudjEuUGxhY2VzLlNlYXJjaFRleHQQAhgEIAA"    }  ]}"
"Cabo Cantina USA","https://maps.google.com/?cid=13584409091586557794&g_mp=Cidnb29nbGUubWFwcy5wbGFjZXMudjEuUGxhY2VzLlNlYXJjaFRleHQQAhgEIAA","6669 Hollywood Blvd, Los Angeles, CA 90028, USA","{  "places": [    {      "formattedAddress": "6669 Hollywood Blvd, Los Angeles, CA 90028, USA",      "googleMapsUri": "https://maps.google.com/?cid=13584409091586557794&g_mp=Cidnb29nbGUubWFwcy5wbGFjZXMudjEuUGxhY2VzLlNlYXJjaFRleHQQAhgEIAA"    }  ]}"
"The Craftsman USA","https://maps.google.com/?cid=3722480886316133396&g_mp=Cidnb29nbGUubWFwcy5wbGFjZXMudjEuUGxhY2VzLlNlYXJjaFRleHQQAhgEIAA","208 W 8th St, Los Angeles, CA 90014, USA","{  "places": [    {      "formattedAddress": "208 W 8th St, Los Angeles, CA 90014, USA",      "googleMapsUri": "https://maps.google.com/?cid=3722480886316133396&g_mp=Cidnb29nbGUubWFwcy5wbGFjZXMudjEuUGxhY2VzLlNlYXJjaFRleHQQAhgEIAA"    }  ]}"
"Duke's Malibu USA","https://maps.google.com/?cid=1513497510111564432&g_mp=Cidnb29nbGUubWFwcy5wbGFjZXMudjEuUGxhY2VzLlNlYXJjaFRleHQQAhgEIAA","21150 Pacific Coast Hwy, Malibu, CA 90265, USA","{  "places": [    {      "formattedAddress": "21150 Pacific Coast Hwy, Malibu, CA 90265, USA",      "googleMapsUri": "https://maps.google.com/?cid=1513497510111564432&g_mp=Cidnb29nbGUubWFwcy5wbGFjZXMudjEuUGxhY2VzLlNlYXJjaFRleHQQAhgEIAA"    }  ]}"
"Gin Rummy USA","https://maps.google.com/?cid=10688231107464481664&g_mp=Cidnb29nbGUubWFwcy5wbGFjZXMudjEuUGxhY2VzLlNlYXJjaFRleHQQAhgEIAA","822 Washington Blvd, Marina Del Rey, CA 90292, USA","{  "places": [    {      "formattedAddress": "822 Washington Blvd, Marina Del Rey, CA 90292, USA",      "googleMapsUri": "https://maps.google.com/?cid=10688231107464481664&g_mp=Cidnb29nbGUubWFwcy5wbGFjZXMudjEuUGxhY2VzLlNlYXJjaFRleHQQAhgEIAA"    }  ]}"
"The Misfit USA","https://maps.google.com/?cid=730683559197686151&g_mp=Cidnb29nbGUubWFwcy5wbGFjZXMudjEuUGxhY2VzLlNlYXJjaFRleHQQAhgEIAA","225 Santa Monica Blvd, Santa Monica, CA 90401, USA","{  "places": [    {      "formattedAddress": "225 Santa Monica Blvd, Santa Monica, CA 90401, USA",      "googleMapsUri": "https://maps.google.com/?cid=730683559197686151&g_mp=Cidnb29nbGUubWFwcy5wbGFjZXMudjEuUGxhY2VzLlNlYXJjaFRleHQQAhgEIAA"    }  ]}"
"The Santa Monica Whaler USA","https://maps.google.com/?cid=15139348952383136297&g_mp=Cidnb29nbGUubWFwcy5wbGFjZXMudjEuUGxhY2VzLlNlYXJjaFRleHQQAhgEIAA","101 Broadway, Santa Monica, CA 90401, USA","{  "places": [    {      "formattedAddress": "101 Broadway, Santa Monica, CA 90401, USA",      "googleMapsUri": "https://maps.google.com/?cid=15139348952383136297&g_mp=Cidnb29nbGUubWFwcy5wbGFjZXMudjEuUGxhY2VzLlNlYXJjaFRleHQQAhgEIAA"    }  ]}"
"The Waterfront Venice USA","https://maps.google.com/?cid=7030651404383979618&g_mp=Cidnb29nbGUubWFwcy5wbGFjZXMudjEuUGxhY2VzLlNlYXJjaFRleHQQAhgEIAA","205 Ocean Front Walk, Venice, CA 90291, USA","{  "places": [    {      "formattedAddress": "205 Ocean Front Walk, Venice, CA 90291, USA",      "googleMapsUri": "https://maps.google.com/?cid=7030651404383979618&g_mp=Cidnb29nbGUubWFwcy5wbGFjZXMudjEuUGxhY2VzLlNlYXJjaFRleHQQAhgEIAA"    }  ]}"
"Tavern on Main USA","https://maps.google.com/?cid=3378478415113761689&g_mp=Cidnb29nbGUubWFwcy5wbGFjZXMudjEuUGxhY2VzLlNlYXJjaFRleHQQAhgEIAA","123 Main St, El Segundo, CA 90245, USA","{  "places": [    {      "formattedAddress": "123 Main St, El Segundo, CA 90245, USA",      "googleMapsUri": "https://maps.google.com/?cid=3378478415113761689&g_mp=Cidnb29nbGUubWFwcy5wbGFjZXMudjEuUGxhY2VzLlNlYXJjaFRleHQQAhgEIAA"    }  ]}"
"Bacari Silverlake USA","https://maps.google.com/?cid=15759891190649939146&g_mp=Cidnb29nbGUubWFwcy5wbGFjZXMudjEuUGxhY2VzLlNlYXJjaFRleHQQAhgEIAA","3626 Sunset Blvd, Los Angeles, CA 90026, USA","{  "places": [    {      "formattedAddress": "3626 Sunset Blvd, Los Angeles, CA 90026, USA",      "googleMapsUri": "https://maps.google.com/?cid=15759891190649939146&g_mp=Cidnb29nbGUubWFwcy5wbGFjZXMudjEuUGxhY2VzLlNlYXJjaFRleHQQAhgEIAA"    }  ]}"
"Barcade USA","https://maps.google.com/?cid=3377500441821156305&g_mp=Cidnb29nbGUubWFwcy5wbGFjZXMudjEuUGxhY2VzLlNlYXJjaFRleHQQAhgEIAA","5684 York Blvd, Los Angeles, CA 90042, USA","{  "places": [    {      "formattedAddress": "5684 York Blvd, Los Angeles, CA 90042, USA",      "googleMapsUri": "https://maps.google.com/?cid=3377500441821156305&g_mp=Cidnb29nbGUubWFwcy5wbGFjZXMudjEuUGxhY2VzLlNlYXJjaFRleHQQAhgEIAA"    }  ]}"
"Bar Bandini USA","https://maps.google.com/?cid=12407874994181303694&g_mp=Cidnb29nbGUubWFwcy5wbGFjZXMudjEuUGxhY2VzLlNlYXJjaFRleHQQAhgEIAA","2150 Sunset Blvd, Los Angeles, CA 90026, USA","{  "places": [    {      "formattedAddress": "2150 Sunset Blvd, Los Angeles, CA 90026, USA",      "googleMapsUri": "https://maps.google.com/?cid=12407874994181303694&g_mp=Cidnb29nbGUubWFwcy5wbGFjZXMudjEuUGxhY2VzLlNlYXJjaFRleHQQAhgEIAA"    }  ]}"
"Bar Henry USA","https://maps.google.com/?cid=6361717150947778879&g_mp=Cidnb29nbGUubWFwcy5wbGFjZXMudjEuUGxhY2VzLlNlYXJjaFRleHQQAhgEIAA","1228 Sunset Blvd, Los Angeles, CA 90026, USA","{  "places": [    {      "formattedAddress": "1228 Sunset Blvd, Los Angeles, CA 90026, USA",      "googleMapsUri": "https://maps.google.com/?cid=6361717150947778879&g_mp=Cidnb29nbGUubWFwcy5wbGFjZXMudjEuUGxhY2VzLlNlYXJjaFRleHQQAhgEIAA"    }  ]}"
"Bigfoot Lodge USA","https://maps.google.com/?cid=2201558164065068437&g_mp=Cidnb29nbGUubWFwcy5wbGFjZXMudjEuUGxhY2VzLlNlYXJjaFRleHQQAhgEIAA","3172 Los Feliz Blvd, Los Angeles, CA 90039, USA","{  "places": [    {      "formattedAddress": "3172 Los Feliz Blvd, Los Angeles, CA 90039, USA",      "googleMapsUri": "https://maps.google.com/?cid=2201558164065068437&g_mp=Cidnb29nbGUubWFwcy5wbGFjZXMudjEuUGxhY2VzLlNlYXJjaFRleHQQAhgEIAA"    }  ]}"
"Cha Cha Lounge USA","https://maps.google.com/?cid=17283973382231261846&g_mp=Cidnb29nbGUubWFwcy5wbGFjZXMudjEuUGxhY2VzLlNlYXJjaFRleHQQAhgEIAA","2375 Glendale Blvd, Los Angeles, CA 90039, USA","{  "places": [    {      "formattedAddress": "2375 Glendale Blvd, Los Angeles, CA 90039, USA",      "googleMapsUri": "https://maps.google.com/?cid=17283973382231261846&g_mp=Cidnb29nbGUubWFwcy5wbGFjZXMudjEuUGxhY2VzLlNlYXJjaFRleHQQAhgEIAA"    }  ]}"
"Club Tee Gee USA","https://maps.google.com/?cid=9819539691371869890&g_mp=Cidnb29nbGUubWFwcy5wbGFjZXMudjEuUGxhY2VzLlNlYXJjaFRleHQQAhgEIAA","3210 Glendale Blvd, Los Angeles, CA 90039, USA","{  "places": [    {      "formattedAddress": "3210 Glendale Blvd, Los Angeles, CA 90039, USA",      "googleMapsUri": "https://maps.google.com/?cid=9819539691371869890&g_mp=Cidnb29nbGUubWFwcy5wbGFjZXMudjEuUGxhY2VzLlNlYXJjaFRleHQQAhgEIAA"    }  ]}"
"Encanto USA","https://maps.google.com/?cid=17406536592830502452&g_mp=Cidnb29nbGUubWFwcy5wbGFjZXMudjEuUGxhY2VzLlNlYXJjaFRleHQQAhgEIAA","2121 Hillhurst Ave, Los Angeles, CA 90027, USA","{  "places": [    {      "formattedAddress": "2121 Hillhurst Ave, Los Angeles, CA 90027, USA",      "googleMapsUri": "https://maps.google.com/?cid=17406536592830502452&g_mp=Cidnb29nbGUubWFwcy5wbGFjZXMudjEuUGxhY2VzLlNlYXJjaFRleHQQAhgEIAA"    }  ]}"
"The Friend USA","https://maps.google.com/?cid=17635646340355094647&g_mp=Cidnb29nbGUubWFwcy5wbGFjZXMudjEuUGxhY2VzLlNlYXJjaFRleHQQAhgEIAA","2611 Hyperion Ave, Los Angeles, CA 90027, USA","{  "places": [    {      "formattedAddress": "2611 Hyperion Ave, Los Angeles, CA 90027, USA",      "googleMapsUri": "https://maps.google.com/?cid=17635646340355094647&g_mp=Cidnb29nbGUubWFwcy5wbGFjZXMudjEuUGxhY2VzLlNlYXJjaFRleHQQAhgEIAA"    }  ]}"
"The Greyhound USA","https://maps.google.com/?cid=4303115388649222402&g_mp=Cidnb29nbGUubWFwcy5wbGFjZXMudjEuUGxhY2VzLlNlYXJjaFRleHQQAhgEIAA","1716 E 7th St, Los Angeles, CA 90021, USA","{  "places": [    {      "formattedAddress": "1716 E 7th St, Los Angeles, CA 90021, USA",      "googleMapsUri": "https://maps.google.com/?cid=4303115388649222402&g_mp=Cidnb29nbGUubWFwcy5wbGFjZXMudjEuUGxhY2VzLlNlYXJjaFRleHQQAhgEIAA"    }  ]}"
"La Cuevita USA","https://maps.google.com/?cid=8784638244326377784&g_mp=Cidnb29nbGUubWFwcy5wbGFjZXMudjEuUGxhY2VzLlNlYXJjaFRleHQQAhgEIAA","5922 N Figueroa St, Los Angeles, CA 90042, USA","{  "places": [    {      "formattedAddress": "5922 N Figueroa St, Los Angeles, CA 90042, USA",      "googleMapsUri": "https://maps.google.com/?cid=8784638244326377784&g_mp=Cidnb29nbGUubWFwcy5wbGFjZXMudjEuUGxhY2VzLlNlYXJjaFRleHQQAhgEIAA"    }  ]}"
"Link N Hops USA","https://maps.google.com/?cid=2203541807552322650&g_mp=Cidnb29nbGUubWFwcy5wbGFjZXMudjEuUGxhY2VzLlNlYXJjaFRleHQQAhgEIAA","3111 Glendale Blvd #3, Los Angeles, CA 90039, USA","{  "places": [    {      "formattedAddress": "3111 Glendale Blvd #3, Los Angeles, CA 90039, USA",      "googleMapsUri": "https://maps.google.com/?cid=2203541807552322650&g_mp=Cidnb29nbGUubWFwcy5wbGFjZXMudjEuUGxhY2VzLlNlYXJjaFRleHQQAhgEIAA"    }  ]}"
"High Low USA","https://maps.google.com/?cid=5014182382767265070&g_mp=Cidnb29nbGUubWFwcy5wbGFjZXMudjEuUGxhY2VzLlNlYXJjaFRleHQQAhgEIAA","3000 Los Feliz Blvd, Los Angeles, CA 90039, USA","{  "places": [    {      "formattedAddress": "3000 Los Feliz Blvd, Los Angeles, CA 90039, USA",      "googleMapsUri": "https://maps.google.com/?cid=5014182382767265070&g_mp=Cidnb29nbGUubWFwcy5wbGFjZXMudjEuUGxhY2VzLlNlYXJjaFRleHQQAhgEIAA"    }  ]}"
"Hi Tops LF USA","https://maps.google.com/?cid=10889283294111877388&g_mp=Cidnb29nbGUubWFwcy5wbGFjZXMudjEuUGxhY2VzLlNlYXJjaFRleHQQAhgEIAA","8933 Santa Monica Blvd, West Hollywood, CA 90069, USA","{  "places": [    {      "formattedAddress": "8933 Santa Monica Blvd, West Hollywood, CA 90069, USA",      "googleMapsUri": "https://maps.google.com/?cid=10889283294111877388&g_mp=Cidnb29nbGUubWFwcy5wbGFjZXMudjEuUGxhY2VzLlNlYXJjaFRleHQQAhgEIAA"    }  ]}"
"HOME USA","https://maps.google.com/?cid=14748255293556726053&g_mp=Cidnb29nbGUubWFwcy5wbGFjZXMudjEuUGxhY2VzLlNlYXJjaFRleHQQAhgEIAA","1760 Hillhurst Ave, Los Angeles, CA 90027, USA","{  "places": [    {      "formattedAddress": "1760 Hillhurst Ave, Los Angeles, CA 90027, USA",      "googleMapsUri": "https://maps.google.com/?cid=14748255293556726053&g_mp=Cidnb29nbGUubWFwcy5wbGFjZXMudjEuUGxhY2VzLlNlYXJjaFRleHQQAhgEIAA"    }  ]}"
"Justine's Wine Bar USA","https://maps.google.com/?cid=3526409138723427663&g_mp=Cidnb29nbGUubWFwcy5wbGFjZXMudjEuUGxhY2VzLlNlYXJjaFRleHQQAhgEIAA","2029 Blake Ave #102, Los Angeles, CA 90039, USA","{  "places": [    {      "formattedAddress": "2029 Blake Ave #102, Los Angeles, CA 90039, USA",      "googleMapsUri": "https://maps.google.com/?cid=3526409138723427663&g_mp=Cidnb29nbGUubWFwcy5wbGFjZXMudjEuUGxhY2VzLlNlYXJjaFRleHQQAhgEIAA"    }  ]}"
"Kombu Sushi USA","https://maps.google.com/?cid=10013223727216139666&g_mp=Cidnb29nbGUubWFwcy5wbGFjZXMudjEuUGxhY2VzLlNlYXJjaFRleHQQAhgEIAA","3719 Sunset Blvd, Los Angeles, CA 90026, USA","{  "places": [    {      "formattedAddress": "3719 Sunset Blvd, Los Angeles, CA 90026, USA",      "googleMapsUri": "https://maps.google.com/?cid=10013223727216139666&g_mp=Cidnb29nbGUubWFwcy5wbGFjZXMudjEuUGxhY2VzLlNlYXJjaFRleHQQAhgEIAA"    }  ]}"
"Mess Hall USA","https://maps.google.com/?cid=17176651680219073598&g_mp=Cidnb29nbGUubWFwcy5wbGFjZXMudjEuUGxhY2VzLlNlYXJjaFRleHQQAhgEIAA","4500 Los Feliz Blvd, Los Angeles, CA 90027, USA","{  "places": [    {      "formattedAddress": "4500 Los Feliz Blvd, Los Angeles, CA 90027, USA",      "googleMapsUri": "https://maps.google.com/?cid=17176651680219073598&g_mp=Cidnb29nbGUubWFwcy5wbGFjZXMudjEuUGxhY2VzLlNlYXJjaFRleHQQAhgEIAA"    }  ]}"
"Morrison USA","https://maps.google.com/?cid=3274745315903570558&g_mp=Cidnb29nbGUubWFwcy5wbGFjZXMudjEuUGxhY2VzLlNlYXJjaFRleHQQAhgEIAA","3179 Los Feliz Blvd, Los Angeles, CA 90039, USA","{  "places": [    {      "formattedAddress": "3179 Los Feliz Blvd, Los Angeles, CA 90039, USA",      "googleMapsUri": "https://maps.google.com/?cid=3274745315903570558&g_mp=Cidnb29nbGUubWFwcy5wbGFjZXMudjEuUGxhY2VzLlNlYXJjaFRleHQQAhgEIAA"    }  ]}"
"Red Lion Tavern USA","https://maps.google.com/?cid=6846299548861410520&g_mp=Cidnb29nbGUubWFwcy5wbGFjZXMudjEuUGxhY2VzLlNlYXJjaFRleHQQAhgEIAA","2366 Glendale Blvd, Los Angeles, CA 90039, USA","{  "places": [    {      "formattedAddress": "2366 Glendale Blvd, Los Angeles, CA 90039, USA",      "googleMapsUri": "https://maps.google.com/?cid=6846299548861410520&g_mp=Cidnb29nbGUubWFwcy5wbGFjZXMudjEuUGxhY2VzLlNlYXJjaFRleHQQAhgEIAA"    }  ]}"
"Thirsty Crow USA","https://maps.google.com/?cid=9597303374072335169&g_mp=Cidnb29nbGUubWFwcy5wbGFjZXMudjEuUGxhY2VzLlNlYXJjaFRleHQQAhgEIAA","2939 Sunset Blvd, Los Angeles, CA 90026, USA","{  "places": [    {      "formattedAddress": "2939 Sunset Blvd, Los Angeles, CA 90026, USA",      "googleMapsUri": "https://maps.google.com/?cid=9597303374072335169&g_mp=Cidnb29nbGUubWFwcy5wbGFjZXMudjEuUGxhY2VzLlNlYXJjaFRleHQQAhgEIAA"    }  ]}"
"Verdugo Bar USA","https://maps.google.com/?cid=3731991830589500632&g_mp=Cidnb29nbGUubWFwcy5wbGFjZXMudjEuUGxhY2VzLlNlYXJjaFRleHQQAhgEIAA","3408 Verdugo Rd, Los Angeles, CA 90065, USA","{  "places": [    {      "formattedAddress": "3408 Verdugo Rd, Los Angeles, CA 90065, USA",      "googleMapsUri": "https://maps.google.com/?cid=3731991830589500632&g_mp=Cidnb29nbGUubWFwcy5wbGFjZXMudjEuUGxhY2VzLlNlYXJjaFRleHQQAhgEIAA"    }  ]}"
"33 Taps USA","https://maps.google.com/?cid=1429498327596697899&g_mp=Cidnb29nbGUubWFwcy5wbGFjZXMudjEuUGxhY2VzLlNlYXJjaFRleHQQAhgEIAA","1240 S Figueroa St, Los Angeles, CA 90015, USA","{  "places": [    {      "formattedAddress": "1240 S Figueroa St, Los Angeles, CA 90015, USA",      "googleMapsUri": "https://maps.google.com/?cid=1429498327596697899&g_mp=Cidnb29nbGUubWFwcy5wbGFjZXMudjEuUGxhY2VzLlNlYXJjaFRleHQQAhgEIAA"    }  ]}"
"Aikan Sushi USA","https://maps.google.com/?cid=14710805711296827176&g_mp=Cidnb29nbGUubWFwcy5wbGFjZXMudjEuUGxhY2VzLlNlYXJjaFRleHQQAhgEIAA","9034 Tampa Ave, Northridge, CA 91324, USA","{  "places": [    {      "formattedAddress": "9034 Tampa Ave, Northridge, CA 91324, USA",      "googleMapsUri": "https://maps.google.com/?cid=14710805711296827176&g_mp=Cidnb29nbGUubWFwcy5wbGFjZXMudjEuUGxhY2VzLlNlYXJjaFRleHQQAhgEIAA"    }  ]}"
"Broken Compass USA","https://maps.google.com/?cid=7744127070519864208&g_mp=Cidnb29nbGUubWFwcy5wbGFjZXMudjEuUGxhY2VzLlNlYXJjaFRleHQQAhgEIAA","2013 W Burbank Blvd, Burbank, CA 91506, USA","{  "places": [    {      "formattedAddress": "2013 W Burbank Blvd, Burbank, CA 91506, USA",      "googleMapsUri": "https://maps.google.com/?cid=7744127070519864208&g_mp=Cidnb29nbGUubWFwcy5wbGFjZXMudjEuUGxhY2VzLlNlYXJjaFRleHQQAhgEIAA"    }  ]}"
"Finney's USA","https://maps.google.com/?cid=12577374012768123061&g_mp=Cidnb29nbGUubWFwcy5wbGFjZXMudjEuUGxhY2VzLlNlYXJjaFRleHQQAhgEIAA","164 E Palm Ave #102, Burbank, CA 91502, USA","{  "places": [    {      "formattedAddress": "164 E Palm Ave #102, Burbank, CA 91502, USA",      "googleMapsUri": "https://maps.google.com/?cid=12577374012768123061&g_mp=Cidnb29nbGUubWFwcy5wbGFjZXMudjEuUGxhY2VzLlNlYXJjaFRleHQQAhgEIAA"    }  ]}"
"General Admission USA","https://maps.google.com/?cid=2229121280470119872&g_mp=Cidnb29nbGUubWFwcy5wbGFjZXMudjEuUGxhY2VzLlNlYXJjaFRleHQQAhgEIAA","3311 Cahuenga Blvd W, Los Angeles, CA 90068, USA","{  "places": [    {      "formattedAddress": "3311 Cahuenga Blvd W, Los Angeles, CA 90068, USA",      "googleMapsUri": "https://maps.google.com/?cid=2229121280470119872&g_mp=Cidnb29nbGUubWFwcy5wbGFjZXMudjEuUGxhY2VzLlNlYXJjaFRleHQQAhgEIAA"    }  ]}"
"El Tejano USA","https://maps.google.com/?cid=1208017632291265376&g_mp=Cidnb29nbGUubWFwcy5wbGFjZXMudjEuUGxhY2VzLlNlYXJjaFRleHQQAhgEIAA","11122 Magnolia Blvd, North Hollywood, CA 91601, USA","{  "places": [    {      "formattedAddress": "11122 Magnolia Blvd, North Hollywood, CA 91601, USA",      "googleMapsUri": "https://maps.google.com/?cid=1208017632291265376&g_mp=Cidnb29nbGUubWFwcy5wbGFjZXMudjEuUGxhY2VzLlNlYXJjaFRleHQQAhgEIAA"    }  ]}"
"Idle Hour USA","https://maps.google.com/?cid=14718533400971829359&g_mp=Cidnb29nbGUubWFwcy5wbGFjZXMudjEuUGxhY2VzLlNlYXJjaFRleHQQAhgEIAA","4824 Vineland Ave, North Hollywood, CA 91601, USA","{  "places": [    {      "formattedAddress": "4824 Vineland Ave, North Hollywood, CA 91601, USA",      "googleMapsUri": "https://maps.google.com/?cid=14718533400971829359&g_mp=Cidnb29nbGUubWFwcy5wbGFjZXMudjEuUGxhY2VzLlNlYXJjaFRleHQQAhgEIAA"    }  ]}"
"Islands USA","https://maps.google.com/?cid=16970828455929159769&g_mp=Cidnb29nbGUubWFwcy5wbGFjZXMudjEuUGxhY2VzLlNlYXJjaFRleHQQAhgEIAA","6081 Center Dr #104, Los Angeles, CA 90045, USA","{  "places": [    {      "formattedAddress": "6081 Center Dr #104, Los Angeles, CA 90045, USA",      "googleMapsUri": "https://maps.google.com/?cid=16970828455929159769&g_mp=Cidnb29nbGUubWFwcy5wbGFjZXMudjEuUGxhY2VzLlNlYXJjaFRleHQQAhgEIAA"    }  ]}"
"Tiki No USA","https://maps.google.com/?cid=17091092062440598906&g_mp=Cidnb29nbGUubWFwcy5wbGFjZXMudjEuUGxhY2VzLlNlYXJjaFRleHQQAhgEIAA","4657 Lankershim Blvd, North Hollywood, CA 91602, USA","{  "places": [    {      "formattedAddress": "4657 Lankershim Blvd, North Hollywood, CA 91602, USA",      "googleMapsUri": "https://maps.google.com/?cid=17091092062440598906&g_mp=Cidnb29nbGUubWFwcy5wbGFjZXMudjEuUGxhY2VzLlNlYXJjaFRleHQQAhgEIAA"    }  ]}"
"Over / Under USA","https://maps.google.com/?cid=8118545727696673862&g_mp=Cidnb29nbGUubWFwcy5wbGFjZXMudjEuUGxhY2VzLlNlYXJjaFRleHQQAhgEIAA","310 N San Fernando Blvd, Burbank, CA 91502, USA","{  "places": [    {      "formattedAddress": "310 N San Fernando Blvd, Burbank, CA 91502, USA",      "googleMapsUri": "https://maps.google.com/?cid=8118545727696673862&g_mp=Cidnb29nbGUubWFwcy5wbGFjZXMudjEuUGxhY2VzLlNlYXJjaFRleHQQAhgEIAA"    }  ]}"
"Anayas USA","https://maps.google.com/?cid=6402360662841100724&g_mp=Cidnb29nbGUubWFwcy5wbGFjZXMudjEuUGxhY2VzLlNlYXJjaFRleHQQAhgEIAA","4651 W Adams Blvd, Los Angeles, CA 90016, USA","{  "places": [    {      "formattedAddress": "4651 W Adams Blvd, Los Angeles, CA 90016, USA",      "googleMapsUri": "https://maps.google.com/?cid=6402360662841100724&g_mp=Cidnb29nbGUubWFwcy5wbGFjZXMudjEuUGxhY2VzLlNlYXJjaFRleHQQAhgEIAA"    }  ]}"
"Blind Donkey USA","https://maps.google.com/?cid=17981481323107226399&g_mp=Cidnb29nbGUubWFwcy5wbGFjZXMudjEuUGxhY2VzLlNlYXJjaFRleHQQAhgEIAA","53 Union St, Pasadena, CA 91103, USA","{  "places": [    {      "formattedAddress": "53 Union St, Pasadena, CA 91103, USA",      "googleMapsUri": "https://maps.google.com/?cid=17981481323107226399&g_mp=Cidnb29nbGUubWFwcy5wbGFjZXMudjEuUGxhY2VzLlNlYXJjaFRleHQQAhgEIAA"    }  ]}"
"Cervercer√≠a Del Pueblo USA","https://maps.google.com/?cid=11693529559249703090&g_mp=Cidnb29nbGUubWFwcy5wbGFjZXMudjEuUGxhY2VzLlNlYXJjaFRleHQQAhgEIAA","141 W Bellevue Dr #100, Pasadena, CA 91105, USA","{  "places": [    {      "formattedAddress": "141 W Bellevue Dr #100, Pasadena, CA 91105, USA",      "googleMapsUri": "https://maps.google.com/?cid=11693529559249703090&g_mp=Cidnb29nbGUubWFwcy5wbGFjZXMudjEuUGxhY2VzLlNlYXJjaFRleHQQAhgEIAA"    }  ]}"
"California Pizza Kitchen USA","https://maps.google.com/?cid=14294405371277474875&g_mp=Cidnb29nbGUubWFwcy5wbGFjZXMudjEuUGxhY2VzLlNlYXJjaFRleHQQAhgEIAA","735 South Figueroa Street, 7th St Space 305, Los Angeles, CA 90017, USA","{  "places": [    {      "formattedAddress": "735 South Figueroa Street, 7th St Space 305, Los Angeles, CA 90017, USA",      "googleMapsUri": "https://maps.google.com/?cid=14294405371277474875&g_mp=Cidnb29nbGUubWFwcy5wbGFjZXMudjEuUGxhY2VzLlNlYXJjaFRleHQQAhgEIAA"    }  ]}"
"Craft by Smoke and Fire USA","https://maps.google.com/?cid=13478363678479127489&g_mp=Cidnb29nbGUubWFwcy5wbGFjZXMudjEuUGxhY2VzLlNlYXJjaFRleHQQAhgEIAA","30 W Green St, Pasadena, CA 91105, USA","{  "places": [    {      "formattedAddress": "30 W Green St, Pasadena, CA 91105, USA",      "googleMapsUri": "https://maps.google.com/?cid=13478363678479127489&g_mp=Cidnb29nbGUubWFwcy5wbGFjZXMudjEuUGxhY2VzLlNlYXJjaFRleHQQAhgEIAA"    }  ]}"
"Damon's USA","https://maps.google.com/?cid=6486446881158073048&g_mp=Cidnb29nbGUubWFwcy5wbGFjZXMudjEuUGxhY2VzLlNlYXJjaFRleHQQAhgEIAA","317 N Brand Blvd, Glendale, CA 91203, USA","{  "places": [    {      "formattedAddress": "317 N Brand Blvd, Glendale, CA 91203, USA",      "googleMapsUri": "https://maps.google.com/?cid=6486446881158073048&g_mp=Cidnb29nbGUubWFwcy5wbGFjZXMudjEuUGxhY2VzLlNlYXJjaFRleHQQAhgEIAA"    }  ]}"
"Der Wolf USA","https://maps.google.com/?cid=14152065006948794215&g_mp=Cidnb29nbGUubWFwcy5wbGFjZXMudjEuUGxhY2VzLlNlYXJjaFRleHQQAhgEIAA","519 S Spring St, Los Angeles, CA 90013, USA","{  "places": [    {      "formattedAddress": "519 S Spring St, Los Angeles, CA 90013, USA",      "googleMapsUri": "https://maps.google.com/?cid=14152065006948794215&g_mp=Cidnb29nbGUubWFwcy5wbGFjZXMudjEuUGxhY2VzLlNlYXJjaFRleHQQAhgEIAA"    }  ]}"
"Edwin Mills by Equator USA","https://maps.google.com/?cid=661793131083602333&g_mp=Cidnb29nbGUubWFwcy5wbGFjZXMudjEuUGxhY2VzLlNlYXJjaFRleHQQAhgEIAA","22 Mills Pl, Pasadena, CA 91105, USA","{  "places": [    {      "formattedAddress": "22 Mills Pl, Pasadena, CA 91105, USA",      "googleMapsUri": "https://maps.google.com/?cid=661793131083602333&g_mp=Cidnb29nbGUubWFwcy5wbGFjZXMudjEuUGxhY2VzLlNlYXJjaFRleHQQAhgEIAA"    }  ]}"
"The Fable USA","https://maps.google.com/?cid=7771199744163170428&g_mp=Cidnb29nbGUubWFwcy5wbGFjZXMudjEuUGxhY2VzLlNlYXJjaFRleHQQAhgEIAA","1630 Colorado Blvd, Los Angeles, CA 90041, USA","{  "places": [    {      "formattedAddress": "1630 Colorado Blvd, Los Angeles, CA 90041, USA",      "googleMapsUri": "https://maps.google.com/?cid=7771199744163170428&g_mp=Cidnb29nbGUubWFwcy5wbGFjZXMudjEuUGxhY2VzLlNlYXJjaFRleHQQAhgEIAA"    }  ]}"
"Glendale Tap USA","https://maps.google.com/?cid=11993132573485047549&g_mp=Cidnb29nbGUubWFwcy5wbGFjZXMudjEuUGxhY2VzLlNlYXJjaFRleHQQAhgEIAA","4227 San Fernando Rd, Glendale, CA 91204, USA","{  "places": [    {      "formattedAddress": "4227 San Fernando Rd, Glendale, CA 91204, USA",      "googleMapsUri": "https://maps.google.com/?cid=11993132573485047549&g_mp=Cidnb29nbGUubWFwcy5wbGFjZXMudjEuUGxhY2VzLlNlYXJjaFRleHQQAhgEIAA"    }  ]}"
"Kings Row USA","https://maps.google.com/?cid=15415789068490678018&g_mp=Cidnb29nbGUubWFwcy5wbGFjZXMudjEuUGxhY2VzLlNlYXJjaFRleHQQAhgEIAA","20 E Colorado Blvd Suite 102, Pasadena, CA 91105, USA","{  "places": [    {      "formattedAddress": "20 E Colorado Blvd Suite 102, Pasadena, CA 91105, USA",      "googleMapsUri": "https://maps.google.com/?cid=15415789068490678018&g_mp=Cidnb29nbGUubWFwcy5wbGFjZXMudjEuUGxhY2VzLlNlYXJjaFRleHQQAhgEIAA"    }  ]}"
"Lucky Baldwins USA","https://maps.google.com/?cid=9898180514319649858&g_mp=Cidnb29nbGUubWFwcy5wbGFjZXMudjEuUGxhY2VzLlNlYXJjaFRleHQQAhgEIAA","17 S Raymond Ave, Pasadena, CA 91105, USA","{  "places": [    {      "formattedAddress": "17 S Raymond Ave, Pasadena, CA 91105, USA",      "googleMapsUri": "https://maps.google.com/?cid=9898180514319649858&g_mp=Cidnb29nbGUubWFwcy5wbGFjZXMudjEuUGxhY2VzLlNlYXJjaFRleHQQAhgEIAA"    }  ]}"
"Kabuki USA","https://maps.google.com/?cid=16732564758900087628&g_mp=Cidnb29nbGUubWFwcy5wbGFjZXMudjEuUGxhY2VzLlNlYXJjaFRleHQQAhgEIAA","6081 Center Dr #203, Los Angeles, CA 90045, USA","{  "places": [    {      "formattedAddress": "6081 Center Dr #203, Los Angeles, CA 90045, USA",      "googleMapsUri": "https://maps.google.com/?cid=16732564758900087628&g_mp=Cidnb29nbGUubWFwcy5wbGFjZXMudjEuUGxhY2VzLlNlYXJjaFRleHQQAhgEIAA"    }  ]}"
"Paperback Brewing USA","https://maps.google.com/?cid=13777347840249481761&g_mp=Cidnb29nbGUubWFwcy5wbGFjZXMudjEuUGxhY2VzLlNlYXJjaFRleHQQAhgEIAA","422 Magnolia Ave, Glendale, CA 91204, USA","{  "places": [    {      "formattedAddress": "422 Magnolia Ave, Glendale, CA 91204, USA",      "googleMapsUri": "https://maps.google.com/?cid=13777347840249481761&g_mp=Cidnb29nbGUubWFwcy5wbGFjZXMudjEuUGxhY2VzLlNlYXJjaFRleHQQAhgEIAA"    }  ]}"
"Rocco's Tavern USA","https://maps.google.com/?cid=14212776882834514671&g_mp=Cidnb29nbGUubWFwcy5wbGFjZXMudjEuUGxhY2VzLlNlYXJjaFRleHQQAhgEIAA","3843 Main St, Culver City, CA 90232, USA","{  "places": [    {      "formattedAddress": "3843 Main St, Culver City, CA 90232, USA",      "googleMapsUri": "https://maps.google.com/?cid=14212776882834514671&g_mp=Cidnb29nbGUubWFwcy5wbGFjZXMudjEuUGxhY2VzLlNlYXJjaFRleHQQAhgEIAA"    }  ]}"
"Taco/Social USA","https://maps.google.com/?cid=14095196171563937520&g_mp=Cidnb29nbGUubWFwcy5wbGFjZXMudjEuUGxhY2VzLlNlYXJjaFRleHQQAhgEIAA","1627 Colorado Blvd, Los Angeles, CA 90041, USA","{  "places": [    {      "formattedAddress": "1627 Colorado Blvd, Los Angeles, CA 90041, USA",      "googleMapsUri": "https://maps.google.com/?cid=14095196171563937520&g_mp=Cidnb29nbGUubWFwcy5wbGFjZXMudjEuUGxhY2VzLlNlYXJjaFRleHQQAhgEIAA"    }  ]}"
"Yard House USA","https://maps.google.com/?cid=2663269652518794639&g_mp=Cidnb29nbGUubWFwcy5wbGFjZXMudjEuUGxhY2VzLlNlYXJjaFRleHQQAhgEIAA","800 W Olympic Blvd A-115, Los Angeles, CA 90015, USA","{  "places": [    {      "formattedAddress": "800 W Olympic Blvd A-115, Los Angeles, CA 90015, USA",      "googleMapsUri": "https://maps.google.com/?cid=2663269652518794639&g_mp=Cidnb29nbGUubWFwcy5wbGFjZXMudjEuUGxhY2VzLlNlYXJjaFRleHQQAhgEIAA"    }  ]}"
"Bacari PDR USA","https://maps.google.com/?cid=8140486655596205459&g_mp=Cidnb29nbGUubWFwcy5wbGFjZXMudjEuUGxhY2VzLlNlYXJjaFRleHQQAhgEIAA","6805 S Vista Del Mar Ln, Playa Del Rey, CA 90293, USA","{  "places": [    {      "formattedAddress": "6805 S Vista Del Mar Ln, Playa Del Rey, CA 90293, USA",      "googleMapsUri": "https://maps.google.com/?cid=8140486655596205459&g_mp=Cidnb29nbGUubWFwcy5wbGFjZXMudjEuUGxhY2VzLlNlYXJjaFRleHQQAhgEIAA"    }  ]}"
"Baja Sharkeez USA","https://maps.google.com/?cid=13087095718022164644&g_mp=Cidnb29nbGUubWFwcy5wbGFjZXMudjEuUGxhY2VzLlNlYXJjaFRleHQQAhgEIAA","3600 Highland Ave, Manhattan Beach, CA 90266, USA","{  "places": [    {      "formattedAddress": "3600 Highland Ave, Manhattan Beach, CA 90266, USA",      "googleMapsUri": "https://maps.google.com/?cid=13087095718022164644&g_mp=Cidnb29nbGUubWFwcy5wbGFjZXMudjEuUGxhY2VzLlNlYXJjaFRleHQQAhgEIAA"    }  ]}"
"El Segundo Brewing Company USA","https://maps.google.com/?cid=17986701665061556232&g_mp=Cidnb29nbGUubWFwcy5wbGFjZXMudjEuUGxhY2VzLlNlYXJjaFRleHQQAhgEIAA","140 Main St, El Segundo, CA 90245, USA","{  "places": [    {      "formattedAddress": "140 Main St, El Segundo, CA 90245, USA",      "googleMapsUri": "https://maps.google.com/?cid=17986701665061556232&g_mp=Cidnb29nbGUubWFwcy5wbGFjZXMudjEuUGxhY2VzLlNlYXJjaFRleHQQAhgEIAA"    }  ]}"
"Ercole's MB USA","https://maps.google.com/?cid=17971283894283162200&g_mp=Cidnb29nbGUubWFwcy5wbGFjZXMudjEuUGxhY2VzLlNlYXJjaFRleHQQAhgEIAA","1101 Manhattan Ave, Manhattan Beach, CA 90266, USA","{  "places": [    {      "formattedAddress": "1101 Manhattan Ave, Manhattan Beach, CA 90266, USA",      "googleMapsUri": "https://maps.google.com/?cid=17971283894283162200&g_mp=Cidnb29nbGUubWFwcy5wbGFjZXMudjEuUGxhY2VzLlNlYXJjaFRleHQQAhgEIAA"    }  ]}"
"Pitcher House Upper Deck USA","https://maps.google.com/?cid=6918868326894509848&g_mp=Cidnb29nbGUubWFwcy5wbGFjZXMudjEuUGxhY2VzLlNlYXJjaFRleHQQAhgEIAA","409 N Pacific Coast Hwy #200, Redondo Beach, CA 90277, USA","{  "places": [    {      "formattedAddress": "409 N Pacific Coast Hwy #200, Redondo Beach, CA 90277, USA",      "googleMapsUri": "https://maps.google.com/?cid=6918868326894509848&g_mp=Cidnb29nbGUubWFwcy5wbGFjZXMudjEuUGxhY2VzLlNlYXJjaFRleHQQAhgEIAA"    }  ]}"
"Shellback Tavern USA","https://maps.google.com/?cid=11687651119090857324&g_mp=Cidnb29nbGUubWFwcy5wbGFjZXMudjEuUGxhY2VzLlNlYXJjaFRleHQQAhgEIAA","116 Manhattan Beach Blvd, Manhattan Beach, CA 90266, USA","{  "places": [    {      "formattedAddress": "116 Manhattan Beach Blvd, Manhattan Beach, CA 90266, USA",      "googleMapsUri": "https://maps.google.com/?cid=11687651119090857324&g_mp=Cidnb29nbGUubWFwcy5wbGFjZXMudjEuUGxhY2VzLlNlYXJjaFRleHQQAhgEIAA"    }  ]}"
"Standard Station USA","https://maps.google.com/?cid=13897839349186580010&g_mp=Cidnb29nbGUubWFwcy5wbGFjZXMudjEuUGxhY2VzLlNlYXJjaFRleHQQAhgEIAA","226 Standard St, El Segundo, CA 90245, USA","{  "places": [    {      "formattedAddress": "226 Standard St, El Segundo, CA 90245, USA",      "googleMapsUri": "https://maps.google.com/?cid=13897839349186580010&g_mp=Cidnb29nbGUubWFwcy5wbGFjZXMudjEuUGxhY2VzLlNlYXJjaFRleHQQAhgEIAA"    }  ]}"
